<?xml version="1.0" encoding="UTF-8"?>
<metadata xml:lang="es"><Esri><CreaDate>20150608</CreaDate><CreaTime>14464700</CreaTime><ArcGISFormat>1.0</ArcGISFormat><SyncOnce>FALSE</SyncOnce><RematchLocator>RM_2_AddressLocator_4<Category Locator="Review">Address</Category><Description Locator="Review">US 5-Digit ZIP Codes</Description><MinimumMatchScore Locator="Review">85</MinimumMatchScore><SpellingSensitivity Locator="Review">80</SpellingSensitivity><MatchIfScoresTie Locator="Review">-1</MatchIfScoresTie><WriteXYCoordFields Locator="Review">0</WriteXYCoordFields><WriteDispXDispYFields Locator="Review">0</WriteDispXDispYFields><WriteStandardizedAddressField Locator="Review">0</WriteStandardizedAddressField><WriteReferenceIDField Locator="Review">-1</WriteReferenceIDField><WriteLocatorSpecificFields Locator="Review">0</WriteLocatorSpecificFields><WriteAdditionalOutputFields Locator="Review">-1</WriteAdditionalOutputFields><WriteDisplayExtentFields Locator="Review">0</WriteDisplayExtentFields><WritePercentAlongField Locator="Review">0</WritePercentAlongField><ShowElapsedTime Locator="Review">0</ShowElapsedTime><reportScorePerComponent Locator="Review">0</reportScorePerComponent><MaxCandidates Locator="Review">200</MaxCandidates><MaxPerfectCandidates Locator="Review">200</MaxPerfectCandidates><SearchTimeout Locator="Review">1</SearchTimeout><OutColumns Locator="Review">Shape</OutColumns><OutColumns Locator="Review">Status</OutColumns><OutColumns Locator="Review">Score</OutColumns><OutColumns Locator="Review">Match_addr</OutColumns><OutColumns Locator="Review">ZIP</OutColumns><OutColumns Locator="Review">Ref_ID</OutColumns><OutColumns Locator="Review">User_fld</OutColumns><OutColumns Locator="Review">Addr_type</OutColumns><MinimumCandidateScore Locator="Review">80</MinimumCandidateScore><StoreStandardizedRefData Locator="Review">false</StoreStandardizedRefData><supportsEmptyHouseNumber Locator="Review">-1</supportsEmptyHouseNumber><supportsWeightedHouseNumber Locator="Review">0</supportsWeightedHouseNumber><supportsSubAddress Locator="Review">0</supportsSubAddress><supportsHouseNoUnit Locator="Review">0</supportsHouseNoUnit><RuntimeMemoryLimit Locator="Review">256000000</RuntimeMemoryLimit><CLSID Locator="Review">{DA70B7E3-10B2-42E3-BFF7-6C81355862BC}</CLSID><LocatorWorkspaceString Locator="Review">ProgID = esriDataSourcesGDB.FileGDBWorkspaceFactory.1; Conn = (DATABASE=..\..\..\..\..\2014.04_MANZANAS SII\MANZ_SII.gdb)</LocatorWorkspaceString><RebuildStartTime Locator="Review">130782478842130000</RebuildStartTime><RebuildStartTimeAscii Locator="Review">14:38:04</RebuildStartTimeAscii><SafeLocatorName Locator="Review">RM_2_AddressLocator_4</SafeLocatorName><UICLSID Locator="Review">{AE5A3A0E-F756-11D2-9F4F-00C04F8ED1C4}</UICLSID><UseMultithreading Locator="Review">True</UseMultithreading><UseRelativePaths Locator="Review">-1</UseRelativePaths><InTable Locator="Review">::</InTable><InKeyColumns Locator="Review">::</InKeyColumns><InColumns Locator="Review">ARC_ZIPCod</InColumns><OutTable Locator="Review">::</OutTable><OutKeyColumns Locator="Review">::</OutKeyColumns></RematchLocator><DataProperties><itemProps><itemName Sync="TRUE">RM_SII_CBR_indicadores</itemName><imsContentType Sync="TRUE">002</imsContentType><itemSize Sync="TRUE">0.000</itemSize><itemLocation><linkage Sync="TRUE">file://\\Serv-sisgeo\00.cit\02.PROYECTOS\2013.10_TRANSSA\03.DOCUMENTOS CIT\03-05 Planimetria y Cartografia\03-05-02 Shapes\Cruce_CBR_SII\RM_SII_CBR_indicadores.shp</linkage><protocol Sync="TRUE">Local Area Network</protocol></itemLocation></itemProps><coordRef><type Sync="TRUE">Projected</type><geogcsn Sync="TRUE">GCS_WGS_1984</geogcsn><csUnits Sync="TRUE">Linear Unit: Meter (1.000000)</csUnits><projcsn Sync="TRUE">WGS_1984_UTM_Zone_19S</projcsn><peXml Sync="TRUE">&lt;ProjectedCoordinateSystem xsi:type='typens:ProjectedCoordinateSystem' xmlns:xsi='http://www.w3.org/2001/XMLSchema-instance' xmlns:xs='http://www.w3.org/2001/XMLSchema' xmlns:typens='http://www.esri.com/schemas/ArcGIS/10.3'&gt;&lt;WKT&gt;PROJCS[&amp;quot;WGS_1984_UTM_Zone_19S&amp;quot;,GEOGCS[&amp;quot;GCS_WGS_1984&amp;quot;,DATUM[&amp;quot;D_WGS_1984&amp;quot;,SPHEROID[&amp;quot;WGS_1984&amp;quot;,6378137.0,298.257223563]],PRIMEM[&amp;quot;Greenwich&amp;quot;,0.0],UNIT[&amp;quot;Degree&amp;quot;,0.0174532925199433]],PROJECTION[&amp;quot;Transverse_Mercator&amp;quot;],PARAMETER[&amp;quot;False_Easting&amp;quot;,500000.0],PARAMETER[&amp;quot;False_Northing&amp;quot;,10000000.0],PARAMETER[&amp;quot;Central_Meridian&amp;quot;,-69.0],PARAMETER[&amp;quot;Scale_Factor&amp;quot;,0.9996],PARAMETER[&amp;quot;Latitude_Of_Origin&amp;quot;,0.0],UNIT[&amp;quot;Meter&amp;quot;,1.0],AUTHORITY[&amp;quot;EPSG&amp;quot;,32719]]&lt;/WKT&gt;&lt;XOrigin&gt;-5120900&lt;/XOrigin&gt;&lt;YOrigin&gt;1900&lt;/YOrigin&gt;&lt;XYScale&gt;450445547.3910538&lt;/XYScale&gt;&lt;ZOrigin&gt;-100000&lt;/ZOrigin&gt;&lt;ZScale&gt;10000&lt;/ZScale&gt;&lt;MOrigin&gt;-100000&lt;/MOrigin&gt;&lt;MScale&gt;10000&lt;/MScale&gt;&lt;XYTolerance&gt;0.001&lt;/XYTolerance&gt;&lt;ZTolerance&gt;0.001&lt;/ZTolerance&gt;&lt;MTolerance&gt;0.001&lt;/MTolerance&gt;&lt;HighPrecision&gt;true&lt;/HighPrecision&gt;&lt;WKID&gt;32719&lt;/WKID&gt;&lt;LatestWKID&gt;32719&lt;/LatestWKID&gt;&lt;/ProjectedCoordinateSystem&gt;</peXml></coordRef><lineage><Process ToolSource="c:\program files (x86)\arcgis\desktop10.3\ArcToolbox\Toolboxes\Analysis Tools.tbx\SpatialJoin" Date="20150608" Time="145920">SpatialJoin "Geocoding Result: Geocoding_Result" MANZ_FINAL "\\Serv-sisgeo\00.cit\02.PROYECTOS\2013.10_TRANSSA\03.DOCUMENTOS CIT\03-05 Planimetria y Cartografia\03-05-02 Shapes\Cruce_CBR_SII\RM_SII_CBR.shp" JOIN_ONE_TO_ONE KEEP_ALL "Status "Status" true true false 1 Text 0 0 ,First,#,Geocoding Result: Geocoding_Result,Status,-1,-1;Score "Score" true true false 19 Double 2 18 ,First,#,Geocoding Result: Geocoding_Result,Score,-1,-1;Match_type "Match_type" true true false 2 Text 0 0 ,First,#,Geocoding Result: Geocoding_Result,Match_type,-1,-1;Match_addr "Match_addr" true true false 10 Text 0 0 ,First,#,Geocoding Result: Geocoding_Result,Match_addr,-1,-1;ZIP "ZIP" true true false 5 Text 0 0 ,First,#,Geocoding Result: Geocoding_Result,ZIP,-1,-1;Ref_ID "Ref_ID" true true false 10 Long 0 10 ,First,#,Geocoding Result: Geocoding_Result,Ref_ID,-1,-1;User_fld "User_fld" true true false 120 Text 0 0 ,First,#,Geocoding Result: Geocoding_Result,User_fld,-1,-1;Addr_type "Addr_type" true true false 20 Text 0 0 ,First,#,Geocoding Result: Geocoding_Result,Addr_type,-1,-1;ARC_ZIPCod "ARC_ZIPCod" true true false 100 Text 0 0 ,First,#,Geocoding Result: Geocoding_Result,ARC_ZIPCod,-1,-1;codigounic "codigounic" true true false 254 Text 0 0 ,First,#,Geocoding Result: Geocoding_Result,codigounic,-1,-1;COMUNA_SII "COMUNA_SII" true true false 16 Double 6 15 ,First,#,Geocoding Result: Geocoding_Result,COMUNA_SII,-1,-1;MANZ "MANZ" true true false 16 Double 6 15 ,First,#,Geocoding Result: Geocoding_Result,MANZ,-1,-1;PREDIO "PREDIO" true true false 16 Double 6 15 ,First,#,Geocoding Result: Geocoding_Result,PREDIO,-1,-1;DIRECCION "DIRECCION" true true false 254 Text 0 0 ,First,#,Geocoding Result: Geocoding_Result,DIRECCION,-1,-1;AVALUO "AVALUO" true true false 16 Double 6 15 ,First,#,Geocoding Result: Geocoding_Result,AVALUO,-1,-1;CONTRIBUCI "CONTRIBUCI" true true false 16 Double 6 15 ,First,#,Geocoding Result: Geocoding_Result,CONTRIBUCI,-1,-1;DESTINO "DESTINO" true true false 254 Text 0 0 ,First,#,Geocoding Result: Geocoding_Result,DESTINO,-1,-1;AVALUO_EX "AVALUO_EX" true true false 16 Double 6 15 ,First,#,Geocoding Result: Geocoding_Result,AVALUO_EX,-1,-1;SUP_TERR "SUP_TERR" true true false 16 Double 6 15 ,First,#,Geocoding Result: Geocoding_Result,SUP_TERR,-1,-1;ANO_CONSTR "ANO_CONSTR" true true false 16 Double 6 15 ,First,#,Geocoding Result: Geocoding_Result,ANO_CONSTR,-1,-1;SUP_CONSTR "SUP_CONSTR" true true false 16 Double 6 15 ,First,#,Geocoding Result: Geocoding_Result,SUP_CONSTR,-1,-1;COD_SII_TE "COD_SII_TE" true true false 16 Double 6 15 ,First,#,Geocoding Result: Geocoding_Result,COD_SII_TE,-1,-1;CONSERVADO "CONSERVADO" true true false 254 Text 0 0 ,First,#,Geocoding Result: Geocoding_Result,CONSERVADO,-1,-1;MES "MES" true true false 254 Text 0 0 ,First,#,Geocoding Result: Geocoding_Result,MES,-1,-1;ANO "ANO" true true false 16 Double 6 15 ,First,#,Geocoding Result: Geocoding_Result,ANO,-1,-1;TOMO "TOMO" true true false 16 Double 6 15 ,First,#,Geocoding Result: Geocoding_Result,TOMO,-1,-1;FOJA "FOJA" true true false 16 Double 6 15 ,First,#,Geocoding Result: Geocoding_Result,FOJA,-1,-1;NUMERO "NUMERO" true true false 16 Double 6 15 ,First,#,Geocoding Result: Geocoding_Result,NUMERO,-1,-1;FECHA "FECHA" true true false 8 Date 0 0 ,First,#,Geocoding Result: Geocoding_Result,FECHA,-1,-1;ID_CBR "ID_CBR" true true false 254 Text 0 0 ,First,#,Geocoding Result: Geocoding_Result,ID_CBR,-1,-1;UF_TRANS "UF_TRANS" true true false 16 Double 6 15 ,First,#,Geocoding Result: Geocoding_Result,UF_TRANS,-1,-1;ROL "ROL" true true false 254 Text 0 0 ,First,#,Geocoding Result: Geocoding_Result,ROL,-1,-1;NOM_CALLE "NOM_CALLE" true true false 254 Text 0 0 ,First,#,Geocoding Result: Geocoding_Result,NOM_CALLE,-1,-1;NUM_CALLE "NUM_CALLE" true true false 16 Double 6 15 ,First,#,Geocoding Result: Geocoding_Result,NUM_CALLE,-1,-1;COMUNA "COMUNA" true true false 254 Text 0 0 ,First,#,Geocoding Result: Geocoding_Result,COMUNA,-1,-1;COMUNA_S_1 "COMUNA_S_1" true true false 16 Double 6 15 ,First,#,Geocoding Result: Geocoding_Result,COMUNA_S_1,-1,-1;DPTO_CASA "DPTO_CASA" true true false 16 Double 6 15 ,First,#,Geocoding Result: Geocoding_Result,DPTO_CASA,-1,-1;ESTACIONAM "ESTACIONAM" true true false 16 Double 6 15 ,First,#,Geocoding Result: Geocoding_Result,ESTACIONAM,-1,-1;BODEGA "BODEGA" true true false 16 Double 6 15 ,First,#,Geocoding Result: Geocoding_Result,BODEGA,-1,-1;CANTIDAD__ "CANTIDAD__" true true false 254 Text 0 0 ,First,#,Geocoding Result: Geocoding_Result,CANTIDAD__,-1,-1;CANTIDAD_1 "CANTIDAD_1" true true false 254 Text 0 0 ,First,#,Geocoding Result: Geocoding_Result,CANTIDAD_1,-1,-1;CODINE11 "CODINE11" true true false 16 Text 0 0 ,First,#,MANZ_FINAL,CODINE11,-1,-1;COMUNA_1 "COMUNA_1" true true false 30 Text 0 0 ,First,#,MANZ_FINAL,COMUNA,-1,-1;SC_NOM_TPR "SC_NOM_TPR" true true false 50 Text 0 0 ,First,#,MANZ_FINAL,SC_NOM_TPR,-1,-1;SC_TPRIV "SC_TPRIV" true true false 19 Double 0 0 ,First,#,MANZ_FINAL,SC_TPRIV,-1,-1;TPR_CBD "TPR_CBD" true true false 19 Double 0 0 ,First,#,MANZ_FINAL,TPR_CBD,-1,-1;TPR_ElGolf "TPR_ElGolf" true true false 19 Double 0 0 ,First,#,MANZ_FINAL,TPR_ElGolf,-1,-1;TPR_NvaLCo "TPR_NvaLCo" true true false 19 Double 0 0 ,First,#,MANZ_FINAL,TPR_NvaLCo,-1,-1;TPR_Provi "TPR_Provi" true true false 19 Double 0 0 ,First,#,MANZ_FINAL,TPR_Provi,-1,-1;COType "COType" true true false 2 Text 0 0 ,First,#,MANZ_FINAL,COType,-1,-1;COType_1 "COType_1" true true false 2 Text 0 0 ,First,#,MANZ_FINAL,COType_1,-1,-1;Shape_Leng "Shape_Leng" true true false 19 Double 0 0 ,First,#,MANZ_FINAL,Shape_Leng,-1,-1;Casas_UFPr "Casas_UFPr" true true false 19 Double 0 0 ,First,#,MANZ_FINAL,Casas_UFPr,-1,-1;Depto_UFPr "Depto_UFPr" true true false 19 Double 0 0 ,First,#,MANZ_FINAL,Depto_UFPr,-1,-1;IMORANCASA "IMORANCASA" true true false 19 Double 0 0 ,First,#,MANZ_FINAL,IMORANCASA,-1,-1;IMORANDPTO "IMORANDPTO" true true false 19 Double 0 0 ,First,#,MANZ_FINAL,IMORANDPTO,-1,-1;Zona_MA "Zona_MA" true true false 19 Double 0 0 ,First,#,MANZ_FINAL,Zona_MA,-1,-1;ZonaMA_NEG "ZonaMA_NEG" true true false 4 Short 0 4 ,First,#,MANZ_FINAL,ZonaMA_NEG,-1,-1;ZonaMA_POS "ZonaMA_POS" true true false 4 Short 0 4 ,First,#,MANZ_FINAL,ZonaMA_POS,-1,-1;Z_UFM2_CAS "Z_UFM2_CAS" true true false 4 Short 0 4 ,First,#,MANZ_FINAL,Z_UFM2_CAS,-1,-1;Z_UFM2_DEP "Z_UFM2_DEP" true true false 4 Short 0 4 ,First,#,MANZ_FINAL,Z_UFM2_DEP,-1,-1;ABC1_12 "ABC1_12" true true false 19 Double 0 0 ,First,#,MANZ_FINAL,ABC1_12,-1,-1;C2_12 "C2_12" true true false 19 Double 0 0 ,First,#,MANZ_FINAL,C2_12,-1,-1;C3_12 "C3_12" true true false 19 Double 0 0 ,First,#,MANZ_FINAL,C3_12,-1,-1;D_12 "D_12" true true false 19 Double 0 0 ,First,#,MANZ_FINAL,D_12,-1,-1;E_12 "E_12" true true false 19 Double 0 0 ,First,#,MANZ_FINAL,E_12,-1,-1;NGSE_12 "NGSE_12" true true false 19 Double 0 0 ,First,#,MANZ_FINAL,NGSE_12,-1,-1;ABC1_12P "ABC1_12P" true true false 19 Double 0 0 ,First,#,MANZ_FINAL,ABC1_12P,-1,-1;C2_12P "C2_12P" true true false 19 Double 0 0 ,First,#,MANZ_FINAL,C2_12P,-1,-1;C3_12P "C3_12P" true true false 19 Double 0 0 ,First,#,MANZ_FINAL,C3_12P,-1,-1;D_12P "D_12P" true true false 19 Double 0 0 ,First,#,MANZ_FINAL,D_12P,-1,-1;E_12P "E_12P" true true false 19 Double 0 0 ,First,#,MANZ_FINAL,E_12P,-1,-1;GSE12PRED "GSE12PRED" true true false 254 Text 0 0 ,First,#,MANZ_FINAL,GSE12PRED,-1,-1;GSE12_NUM "GSE12_NUM" true true false 5 Short 0 5 ,First,#,MANZ_FINAL,GSE12_NUM,-1,-1;POB_FLOT "POB_FLOT" true true false 19 Double 0 0 ,First,#,MANZ_FINAL,POB_FLOT,-1,-1;Amp_tst "Amp_tst" true true false 19 Double 0 0 ,First,#,MANZ_FINAL,Amp_tst,-1,-1;Pro_predio "Pro_predio" true true false 19 Double 0 0 ,First,#,MANZ_FINAL,Pro_predio,-1,-1;Por_veg_pr "Por_veg_pr" true true false 19 Double 0 0 ,First,#,MANZ_FINAL,Por_veg_pr,-1,-1;HA_MZ "HA_MZ" true true false 19 Double 0 0 ,First,#,MANZ_FINAL,HA_MZ,-1,-1;DEN_MZ "DEN_MZ" true true false 19 Double 0 0 ,First,#,MANZ_FINAL,DEN_MZ,-1,-1;SC_15MIN "SC_15MIN" true true false 4 Short 0 4 ,First,#,MANZ_FINAL,SC_15MIN,-1,-1;Ten_Metro "Ten_Metro" true true false 4 Short 0 4 ,First,#,MANZ_FINAL,Ten_Metro,-1,-1;Ten_MetroC "Ten_MetroC" true true false 4 Short 0 4 ,First,#,MANZ_FINAL,Ten_MetroC,-1,-1;COLE_5MIN "COLE_5MIN" true true false 4 Short 0 4 ,First,#,MANZ_FINAL,COLE_5MIN,-1,-1;COLE_10MIN "COLE_10MIN" true true false 4 Short 0 4 ,First,#,MANZ_FINAL,COLE_10MIN,-1,-1;COLE_15MIN "COLE_15MIN" true true false 4 Short 0 4 ,First,#,MANZ_FINAL,COLE_15MIN,-1,-1;COLE_LEJOS "COLE_LEJOS" true true false 4 Short 0 4 ,First,#,MANZ_FINAL,COLE_LEJOS,-1,-1;JARDIN_5M "JARDIN_5M" true true false 4 Short 0 4 ,First,#,MANZ_FINAL,JARDIN_5M,-1,-1;JARDIN_10M "JARDIN_10M" true true false 4 Short 0 4 ,First,#,MANZ_FINAL,JARDIN_10M,-1,-1;JARDIN_15M "JARDIN_15M" true true false 4 Short 0 4 ,First,#,MANZ_FINAL,JARDIN_15M,-1,-1;AV_15_MIN "AV_15_MIN" true true false 4 Short 0 4 ,First,#,MANZ_FINAL,AV_15_MIN,-1,-1;COMUNA_12 "COMUNA_12" true true false 30 Text 0 0 ,First,#,MANZ_FINAL,COMUNA_1,-1,-1;COM_PR_CIT "COM_PR_CIT" true true false 16 Double 6 15 ,First,#,MANZ_FINAL,COM_PR_CIT,-1,-1;COM_CIT "COM_CIT" true true false 16 Double 6 15 ,First,#,MANZ_FINAL,COM_CIT,-1,-1;COM_CAS "COM_CAS" true true false 16 Double 6 15 ,First,#,MANZ_FINAL,COM_CAS,-1,-1;COM_DPT "COM_DPT" true true false 16 Double 6 15 ,First,#,MANZ_FINAL,COM_DPT,-1,-1" INTERSECT # #</Process><Process ToolSource="c:\program files (x86)\arcgis\desktop10.3\ArcToolbox\Toolboxes\Analysis Tools.tbx\SpatialJoin" Date="20150702" Time="115606">SpatialJoin RM_SII_CBR Area_Verde_frente "\\Serv-sisgeo\00.cit\02.PROYECTOS\2013.10_TRANSSA\03.DOCUMENTOS CIT\03-05 Planimetria y Cartografia\03-05-02 Shapes\Cruce_CBR_SII\TEMP\av frente.shp" JOIN_ONE_TO_ONE KEEP_ALL "Status "Status" true true false 1 Text 0 0 ,First,#,RM_SII_CBR,Status,-1,-1;Score "Score" true true false 19 Double 2 18 ,First,#,RM_SII_CBR,Score,-1,-1;Match_type "Match_type" true true false 2 Text 0 0 ,First,#,RM_SII_CBR,Match_type,-1,-1;Match_addr "Match_addr" true true false 10 Text 0 0 ,First,#,RM_SII_CBR,Match_addr,-1,-1;ZIP "ZIP" true true false 5 Text 0 0 ,First,#,RM_SII_CBR,ZIP,-1,-1;Ref_ID "Ref_ID" true true false 10 Long 0 10 ,First,#,RM_SII_CBR,Ref_ID,-1,-1;User_fld "User_fld" true true false 120 Text 0 0 ,First,#,RM_SII_CBR,User_fld,-1,-1;Addr_type "Addr_type" true true false 20 Text 0 0 ,First,#,RM_SII_CBR,Addr_type,-1,-1;ARC_ZIPCod "ARC_ZIPCod" true true false 100 Text 0 0 ,First,#,RM_SII_CBR,ARC_ZIPCod,-1,-1;codigounic "codigounic" true true false 254 Text 0 0 ,First,#,RM_SII_CBR,codigounic,-1,-1;COMUNA_SII "COMUNA_SII" true true false 16 Double 6 15 ,First,#,RM_SII_CBR,COMUNA_SII,-1,-1;MANZ "MANZ" true true false 16 Double 6 15 ,First,#,RM_SII_CBR,MANZ,-1,-1;PREDIO "PREDIO" true true false 16 Double 6 15 ,First,#,RM_SII_CBR,PREDIO,-1,-1;DIRECCION "DIRECCION" true true false 254 Text 0 0 ,First,#,RM_SII_CBR,DIRECCION,-1,-1;AVALUO "AVALUO" true true false 16 Double 6 15 ,First,#,RM_SII_CBR,AVALUO,-1,-1;CONTRIBUCI "CONTRIBUCI" true true false 16 Double 6 15 ,First,#,RM_SII_CBR,CONTRIBUCI,-1,-1;DESTINO "DESTINO" true true false 254 Text 0 0 ,First,#,RM_SII_CBR,DESTINO,-1,-1;AVALUO_EX "AVALUO_EX" true true false 16 Double 6 15 ,First,#,RM_SII_CBR,AVALUO_EX,-1,-1;SUP_TERR "SUP_TERR" true true false 16 Double 6 15 ,First,#,RM_SII_CBR,SUP_TERR,-1,-1;ANO_CONSTR "ANO_CONSTR" true true false 16 Double 6 15 ,First,#,RM_SII_CBR,ANO_CONSTR,-1,-1;SUP_CONSTR "SUP_CONSTR" true true false 16 Double 6 15 ,First,#,RM_SII_CBR,SUP_CONSTR,-1,-1;COD_SII_TE "COD_SII_TE" true true false 16 Double 6 15 ,First,#,RM_SII_CBR,COD_SII_TE,-1,-1;CONSERVADO "CONSERVADO" true true false 254 Text 0 0 ,First,#,RM_SII_CBR,CONSERVADO,-1,-1;MES "MES" true true false 254 Text 0 0 ,First,#,RM_SII_CBR,MES,-1,-1;ANO "ANO" true true false 16 Double 6 15 ,First,#,RM_SII_CBR,ANO,-1,-1;TOMO "TOMO" true true false 16 Double 6 15 ,First,#,RM_SII_CBR,TOMO,-1,-1;FOJA "FOJA" true true false 16 Double 6 15 ,First,#,RM_SII_CBR,FOJA,-1,-1;NUMERO "NUMERO" true true false 16 Double 6 15 ,First,#,RM_SII_CBR,NUMERO,-1,-1;FECHA "FECHA" true true false 8 Date 0 0 ,First,#,RM_SII_CBR,FECHA,-1,-1;ID_CBR "ID_CBR" true true false 254 Text 0 0 ,First,#,RM_SII_CBR,ID_CBR,-1,-1;UF_TRANS "UF_TRANS" true true false 16 Double 6 15 ,First,#,RM_SII_CBR,UF_TRANS,-1,-1;ROL "ROL" true true false 254 Text 0 0 ,First,#,RM_SII_CBR,ROL,-1,-1;NOM_CALLE "NOM_CALLE" true true false 254 Text 0 0 ,First,#,RM_SII_CBR,NOM_CALLE,-1,-1;NUM_CALLE "NUM_CALLE" true true false 16 Double 6 15 ,First,#,RM_SII_CBR,NUM_CALLE,-1,-1;COMUNA "COMUNA" true true false 254 Text 0 0 ,First,#,RM_SII_CBR,COMUNA,-1,-1;COMUNA_S_1 "COMUNA_S_1" true true false 16 Double 6 15 ,First,#,RM_SII_CBR,COMUNA_S_1,-1,-1;DPTO_CASA "DPTO_CASA" true true false 16 Double 6 15 ,First,#,RM_SII_CBR,DPTO_CASA,-1,-1;ESTACIONAM "ESTACIONAM" true true false 16 Double 6 15 ,First,#,RM_SII_CBR,ESTACIONAM,-1,-1;BODEGA "BODEGA" true true false 16 Double 6 15 ,First,#,RM_SII_CBR,BODEGA,-1,-1;CANTIDAD__ "CANTIDAD__" true true false 254 Text 0 0 ,First,#,RM_SII_CBR,CANTIDAD__,-1,-1;CANTIDAD_1 "CANTIDAD_1" true true false 254 Text 0 0 ,First,#,RM_SII_CBR,CANTIDAD_1,-1,-1;CODINE11 "CODINE11" true true false 16 Text 0 0 ,First,#,RM_SII_CBR,CODINE11,-1,-1;COMUNA_1 "COMUNA_1" true true false 30 Text 0 0 ,First,#,RM_SII_CBR,COMUNA_1,-1,-1;SC_NOM_TPR "SC_NOM_TPR" true true false 50 Text 0 0 ,First,#,RM_SII_CBR,SC_NOM_TPR,-1,-1;SC_TPRIV "SC_TPRIV" true true false 19 Double 0 0 ,First,#,RM_SII_CBR,SC_TPRIV,-1,-1;TPR_CBD "TPR_CBD" true true false 19 Double 0 0 ,First,#,RM_SII_CBR,TPR_CBD,-1,-1;TPR_ElGolf "TPR_ElGolf" true true false 19 Double 0 0 ,First,#,RM_SII_CBR,TPR_ElGolf,-1,-1;TPR_NvaLCo "TPR_NvaLCo" true true false 19 Double 0 0 ,First,#,RM_SII_CBR,TPR_NvaLCo,-1,-1;TPR_Provi "TPR_Provi" true true false 19 Double 0 0 ,First,#,RM_SII_CBR,TPR_Provi,-1,-1;Casas_UFPr "Casas_UFPr" true true false 19 Double 0 0 ,First,#,RM_SII_CBR,Casas_UFPr,-1,-1;Depto_UFPr "Depto_UFPr" true true false 19 Double 0 0 ,First,#,RM_SII_CBR,Depto_UFPr,-1,-1;IMORANCASA "IMORANCASA" true true false 19 Double 0 0 ,First,#,RM_SII_CBR,IMORANCASA,-1,-1;IMORANDPTO "IMORANDPTO" true true false 19 Double 0 0 ,First,#,RM_SII_CBR,IMORANDPTO,-1,-1;ZonaMA_NEG "ZonaMA_NEG" true true false 4 Short 0 4 ,First,#,RM_SII_CBR,ZonaMA_NEG,-1,-1;ZonaMA_POS "ZonaMA_POS" true true false 4 Short 0 4 ,First,#,RM_SII_CBR,ZonaMA_POS,-1,-1;Z_UFM2_CAS "Z_UFM2_CAS" true true false 4 Short 0 4 ,First,#,RM_SII_CBR,Z_UFM2_CAS,-1,-1;Z_UFM2_DEP "Z_UFM2_DEP" true true false 4 Short 0 4 ,First,#,RM_SII_CBR,Z_UFM2_DEP,-1,-1;ABC1_12 "ABC1_12" true true false 19 Double 0 0 ,First,#,RM_SII_CBR,ABC1_12,-1,-1;C2_12 "C2_12" true true false 19 Double 0 0 ,First,#,RM_SII_CBR,C2_12,-1,-1;C3_12 "C3_12" true true false 19 Double 0 0 ,First,#,RM_SII_CBR,C3_12,-1,-1;D_12 "D_12" true true false 19 Double 0 0 ,First,#,RM_SII_CBR,D_12,-1,-1;E_12 "E_12" true true false 19 Double 0 0 ,First,#,RM_SII_CBR,E_12,-1,-1;NGSE_12 "NGSE_12" true true false 19 Double 0 0 ,First,#,RM_SII_CBR,NGSE_12,-1,-1;ABC1_12P "ABC1_12P" true true false 19 Double 0 0 ,First,#,RM_SII_CBR,ABC1_12P,-1,-1;C2_12P "C2_12P" true true false 19 Double 0 0 ,First,#,RM_SII_CBR,C2_12P,-1,-1;C3_12P "C3_12P" true true false 19 Double 0 0 ,First,#,RM_SII_CBR,C3_12P,-1,-1;D_12P "D_12P" true true false 19 Double 0 0 ,First,#,RM_SII_CBR,D_12P,-1,-1;E_12P "E_12P" true true false 19 Double 0 0 ,First,#,RM_SII_CBR,E_12P,-1,-1;GSE12PRED "GSE12PRED" true true false 254 Text 0 0 ,First,#,RM_SII_CBR,GSE12PRED,-1,-1;GSE12_NUM "GSE12_NUM" true true false 5 Short 0 5 ,First,#,RM_SII_CBR,GSE12_NUM,-1,-1;POB_FLOT "POB_FLOT" true true false 19 Double 0 0 ,First,#,RM_SII_CBR,POB_FLOT,-1,-1;Amp_tst "Amp_tst" true true false 19 Double 0 0 ,First,#,RM_SII_CBR,Amp_tst,-1,-1;Pro_predio "Pro_predio" true true false 19 Double 0 0 ,First,#,RM_SII_CBR,Pro_predio,-1,-1;Por_veg_pr "Por_veg_pr" true true false 19 Double 0 0 ,First,#,RM_SII_CBR,Por_veg_pr,-1,-1;HA_MZ "HA_MZ" true true false 19 Double 0 0 ,First,#,RM_SII_CBR,HA_MZ,-1,-1;DEN_MZ "DEN_MZ" true true false 19 Double 0 0 ,First,#,RM_SII_CBR,DEN_MZ,-1,-1;SC_15MIN "SC_15MIN" true true false 4 Short 0 4 ,First,#,RM_SII_CBR,SC_15MIN,-1,-1;Ten_Metro "Ten_Metro" true true false 4 Short 0 4 ,First,#,RM_SII_CBR,Ten_Metro,-1,-1;Ten_MetroC "Ten_MetroC" true true false 4 Short 0 4 ,First,#,RM_SII_CBR,Ten_MetroC,-1,-1;COLE_5MIN "COLE_5MIN" true true false 4 Short 0 4 ,First,#,RM_SII_CBR,COLE_5MIN,-1,-1;COLE_10MIN "COLE_10MIN" true true false 4 Short 0 4 ,First,#,RM_SII_CBR,COLE_10MIN,-1,-1;COLE_15MIN "COLE_15MIN" true true false 4 Short 0 4 ,First,#,RM_SII_CBR,COLE_15MIN,-1,-1;COLE_LEJOS "COLE_LEJOS" true true false 4 Short 0 4 ,First,#,RM_SII_CBR,COLE_LEJOS,-1,-1;JARDIN_5M "JARDIN_5M" true true false 4 Short 0 4 ,First,#,RM_SII_CBR,JARDIN_5M,-1,-1;JARDIN_10M "JARDIN_10M" true true false 4 Short 0 4 ,First,#,RM_SII_CBR,JARDIN_10M,-1,-1;JARDIN_15M "JARDIN_15M" true true false 4 Short 0 4 ,First,#,RM_SII_CBR,JARDIN_15M,-1,-1;AV_15_MIN "AV_15_MIN" true true false 4 Short 0 4 ,First,#,RM_SII_CBR,AV_15_MIN,-1,-1;COMUNA_12 "COMUNA_12" true true false 30 Text 0 0 ,First,#,RM_SII_CBR,COMUNA_12,-1,-1;COM_PR_CIT "COM_PR_CIT" true true false 16 Double 6 15 ,First,#,RM_SII_CBR,COM_PR_CIT,-1,-1;COM_CIT "COM_CIT" true true false 16 Double 6 15 ,First,#,RM_SII_CBR,COM_CIT,-1,-1;COM_CAS "COM_CAS" true true false 16 Double 6 15 ,First,#,RM_SII_CBR,COM_CAS,-1,-1;COM_DPT "COM_DPT" true true false 16 Double 6 15 ,First,#,RM_SII_CBR,COM_DPT,-1,-1;AV_FRENTE "AV_FRENTE" true true false 4 Short 0 4 ,First,#,Area_Verde_frente,AV_FRENTE,-1,-1" INTERSECT # #</Process><Process ToolSource="c:\program files (x86)\arcgis\desktop10.3\ArcToolbox\Toolboxes\Analysis Tools.tbx\SpatialJoin" Date="20150702" Time="120204">SpatialJoin "av frente" NU_BD_Santiago_PRMS "\\Serv-sisgeo\00.cit\02.PROYECTOS\2013.10_TRANSSA\03.DOCUMENTOS CIT\03-05 Planimetria y Cartografia\03-05-02 Shapes\Cruce_CBR_SII\RM_SII_CBR_indicadores.shp" JOIN_ONE_TO_ONE KEEP_ALL "Status "Status" true true false 1 Text 0 0 ,First,#,av frente,Status,-1,-1;Score "Score" true true false 19 Double 2 18 ,First,#,av frente,Score,-1,-1;Match_type "Match_type" true true false 2 Text 0 0 ,First,#,av frente,Match_type,-1,-1;Match_addr "Match_addr" true true false 10 Text 0 0 ,First,#,av frente,Match_addr,-1,-1;ZIP "ZIP" true true false 5 Text 0 0 ,First,#,av frente,ZIP,-1,-1;Ref_ID "Ref_ID" true true false 10 Long 0 10 ,First,#,av frente,Ref_ID,-1,-1;User_fld "User_fld" true true false 120 Text 0 0 ,First,#,av frente,User_fld,-1,-1;Addr_type "Addr_type" true true false 20 Text 0 0 ,First,#,av frente,Addr_type,-1,-1;ARC_ZIPCod "ARC_ZIPCod" true true false 100 Text 0 0 ,First,#,av frente,ARC_ZIPCod,-1,-1;codigounic "codigounic" true true false 254 Text 0 0 ,First,#,av frente,codigounic,-1,-1;COMUNA_SII "COMUNA_SII" true true false 16 Double 6 15 ,First,#,av frente,COMUNA_SII,-1,-1;MANZ "MANZ" true true false 16 Double 6 15 ,First,#,av frente,MANZ,-1,-1;PREDIO "PREDIO" true true false 16 Double 6 15 ,First,#,av frente,PREDIO,-1,-1;DIRECCION "DIRECCION" true true false 254 Text 0 0 ,First,#,av frente,DIRECCION,-1,-1;AVALUO "AVALUO" true true false 16 Double 6 15 ,First,#,av frente,AVALUO,-1,-1;CONTRIBUCI "CONTRIBUCI" true true false 16 Double 6 15 ,First,#,av frente,CONTRIBUCI,-1,-1;DESTINO "DESTINO" true true false 254 Text 0 0 ,First,#,av frente,DESTINO,-1,-1;AVALUO_EX "AVALUO_EX" true true false 16 Double 6 15 ,First,#,av frente,AVALUO_EX,-1,-1;SUP_TERR "SUP_TERR" true true false 16 Double 6 15 ,First,#,av frente,SUP_TERR,-1,-1;ANO_CONSTR "ANO_CONSTR" true true false 16 Double 6 15 ,First,#,av frente,ANO_CONSTR,-1,-1;SUP_CONSTR "SUP_CONSTR" true true false 16 Double 6 15 ,First,#,av frente,SUP_CONSTR,-1,-1;COD_SII_TE "COD_SII_TE" true true false 16 Double 6 15 ,First,#,av frente,COD_SII_TE,-1,-1;CONSERVADO "CONSERVADO" true true false 254 Text 0 0 ,First,#,av frente,CONSERVADO,-1,-1;MES "MES" true true false 254 Text 0 0 ,First,#,av frente,MES,-1,-1;ANO "ANO" true true false 16 Double 6 15 ,First,#,av frente,ANO,-1,-1;TOMO "TOMO" true true false 16 Double 6 15 ,First,#,av frente,TOMO,-1,-1;FOJA "FOJA" true true false 16 Double 6 15 ,First,#,av frente,FOJA,-1,-1;NUMERO "NUMERO" true true false 16 Double 6 15 ,First,#,av frente,NUMERO,-1,-1;FECHA "FECHA" true true false 8 Date 0 0 ,First,#,av frente,FECHA,-1,-1;ID_CBR "ID_CBR" true true false 254 Text 0 0 ,First,#,av frente,ID_CBR,-1,-1;UF_TRANS "UF_TRANS" true true false 16 Double 6 15 ,First,#,av frente,UF_TRANS,-1,-1;ROL "ROL" true true false 254 Text 0 0 ,First,#,av frente,ROL,-1,-1;NOM_CALLE "NOM_CALLE" true true false 254 Text 0 0 ,First,#,av frente,NOM_CALLE,-1,-1;NUM_CALLE "NUM_CALLE" true true false 16 Double 6 15 ,First,#,av frente,NUM_CALLE,-1,-1;COMUNA "COMUNA" true true false 254 Text 0 0 ,First,#,av frente,COMUNA,-1,-1;COMUNA_S_1 "COMUNA_S_1" true true false 16 Double 6 15 ,First,#,av frente,COMUNA_S_1,-1,-1;DPTO_CASA "DPTO_CASA" true true false 16 Double 6 15 ,First,#,av frente,DPTO_CASA,-1,-1;ESTACIONAM "ESTACIONAM" true true false 16 Double 6 15 ,First,#,av frente,ESTACIONAM,-1,-1;BODEGA "BODEGA" true true false 16 Double 6 15 ,First,#,av frente,BODEGA,-1,-1;CANTIDAD__ "CANTIDAD__" true true false 254 Text 0 0 ,First,#,av frente,CANTIDAD__,-1,-1;CANTIDAD_1 "CANTIDAD_1" true true false 254 Text 0 0 ,First,#,av frente,CANTIDAD_1,-1,-1;CODINE11 "CODINE11" true true false 16 Text 0 0 ,First,#,av frente,CODINE11,-1,-1;COMUNA_1 "COMUNA_1" true true false 30 Text 0 0 ,First,#,av frente,COMUNA_1,-1,-1;SC_NOM_TPR "SC_NOM_TPR" true true false 50 Text 0 0 ,First,#,av frente,SC_NOM_TPR,-1,-1;SC_TPRIV "SC_TPRIV" true true false 19 Double 0 0 ,First,#,av frente,SC_TPRIV,-1,-1;TPR_CBD "TPR_CBD" true true false 19 Double 0 0 ,First,#,av frente,TPR_CBD,-1,-1;TPR_ElGolf "TPR_ElGolf" true true false 19 Double 0 0 ,First,#,av frente,TPR_ElGolf,-1,-1;TPR_NvaLCo "TPR_NvaLCo" true true false 19 Double 0 0 ,First,#,av frente,TPR_NvaLCo,-1,-1;TPR_Provi "TPR_Provi" true true false 19 Double 0 0 ,First,#,av frente,TPR_Provi,-1,-1;Casas_UFPr "Casas_UFPr" true true false 19 Double 0 0 ,First,#,av frente,Casas_UFPr,-1,-1;Depto_UFPr "Depto_UFPr" true true false 19 Double 0 0 ,First,#,av frente,Depto_UFPr,-1,-1;IMORANCASA "IMORANCASA" true true false 19 Double 0 0 ,First,#,av frente,IMORANCASA,-1,-1;IMORANDPTO "IMORANDPTO" true true false 19 Double 0 0 ,First,#,av frente,IMORANDPTO,-1,-1;ZonaMA_NEG "ZonaMA_NEG" true true false 4 Short 0 4 ,First,#,av frente,ZonaMA_NEG,-1,-1;ZonaMA_POS "ZonaMA_POS" true true false 4 Short 0 4 ,First,#,av frente,ZonaMA_POS,-1,-1;Z_UFM2_CAS "Z_UFM2_CAS" true true false 4 Short 0 4 ,First,#,av frente,Z_UFM2_CAS,-1,-1;Z_UFM2_DEP "Z_UFM2_DEP" true true false 4 Short 0 4 ,First,#,av frente,Z_UFM2_DEP,-1,-1;ABC1_12 "ABC1_12" true true false 19 Double 0 0 ,First,#,av frente,ABC1_12,-1,-1;C2_12 "C2_12" true true false 19 Double 0 0 ,First,#,av frente,C2_12,-1,-1;C3_12 "C3_12" true true false 19 Double 0 0 ,First,#,av frente,C3_12,-1,-1;D_12 "D_12" true true false 19 Double 0 0 ,First,#,av frente,D_12,-1,-1;E_12 "E_12" true true false 19 Double 0 0 ,First,#,av frente,E_12,-1,-1;NGSE_12 "NGSE_12" true true false 19 Double 0 0 ,First,#,av frente,NGSE_12,-1,-1;ABC1_12P "ABC1_12P" true true false 19 Double 0 0 ,First,#,av frente,ABC1_12P,-1,-1;C2_12P "C2_12P" true true false 19 Double 0 0 ,First,#,av frente,C2_12P,-1,-1;C3_12P "C3_12P" true true false 19 Double 0 0 ,First,#,av frente,C3_12P,-1,-1;D_12P "D_12P" true true false 19 Double 0 0 ,First,#,av frente,D_12P,-1,-1;E_12P "E_12P" true true false 19 Double 0 0 ,First,#,av frente,E_12P,-1,-1;GSE12PRED "GSE12PRED" true true false 254 Text 0 0 ,First,#,av frente,GSE12PRED,-1,-1;GSE12_NUM "GSE12_NUM" true true false 5 Short 0 5 ,First,#,av frente,GSE12_NUM,-1,-1;POB_FLOT "POB_FLOT" true true false 19 Double 0 0 ,First,#,av frente,POB_FLOT,-1,-1;Amp_tst "Amp_tst" true true false 19 Double 0 0 ,First,#,av frente,Amp_tst,-1,-1;Pro_predio "Pro_predio" true true false 19 Double 0 0 ,First,#,av frente,Pro_predio,-1,-1;Por_veg_pr "Por_veg_pr" true true false 19 Double 0 0 ,First,#,av frente,Por_veg_pr,-1,-1;HA_MZ "HA_MZ" true true false 19 Double 0 0 ,First,#,av frente,HA_MZ,-1,-1;DEN_MZ "DEN_MZ" true true false 19 Double 0 0 ,First,#,av frente,DEN_MZ,-1,-1;SC_15MIN "SC_15MIN" true true false 4 Short 0 4 ,First,#,av frente,SC_15MIN,-1,-1;Ten_Metro "Ten_Metro" true true false 4 Short 0 4 ,First,#,av frente,Ten_Metro,-1,-1;Ten_MetroC "Ten_MetroC" true true false 4 Short 0 4 ,First,#,av frente,Ten_MetroC,-1,-1;COLE_5MIN "COLE_5MIN" true true false 4 Short 0 4 ,First,#,av frente,COLE_5MIN,-1,-1;COLE_10MIN "COLE_10MIN" true true false 4 Short 0 4 ,First,#,av frente,COLE_10MIN,-1,-1;COLE_15MIN "COLE_15MIN" true true false 4 Short 0 4 ,First,#,av frente,COLE_15MIN,-1,-1;COLE_LEJOS "COLE_LEJOS" true true false 4 Short 0 4 ,First,#,av frente,COLE_LEJOS,-1,-1;JARDIN_5M "JARDIN_5M" true true false 4 Short 0 4 ,First,#,av frente,JARDIN_5M,-1,-1;JARDIN_10M "JARDIN_10M" true true false 4 Short 0 4 ,First,#,av frente,JARDIN_10M,-1,-1;JARDIN_15M "JARDIN_15M" true true false 4 Short 0 4 ,First,#,av frente,JARDIN_15M,-1,-1;AV_15_MIN "AV_15_MIN" true true false 4 Short 0 4 ,First,#,av frente,AV_15_MIN,-1,-1;COMUNA_12 "COMUNA_12" true true false 30 Text 0 0 ,First,#,av frente,COMUNA_12,-1,-1;COM_PR_CIT "COM_PR_CIT" true true false 16 Double 6 15 ,First,#,av frente,COM_PR_CIT,-1,-1;COM_CIT "COM_CIT" true true false 16 Double 6 15 ,First,#,av frente,COM_CIT,-1,-1;COM_CAS "COM_CAS" true true false 16 Double 6 15 ,First,#,av frente,COM_CAS,-1,-1;COM_DPT "COM_DPT" true true false 16 Double 6 15 ,First,#,av frente,COM_DPT,-1,-1;AV_FRENTE "AV_FRENTE" true true false 4 Short 0 4 ,First,#,av frente,AV_FRENTE,-1,-1;COMERCIO "COMERCIO" true true false 16 Double 6 15 ,First,#,NU_BD_Santiago_PRMS,COMERCIO,-1,-1;EDUCACION "EDUCACION" true true false 16 Double 6 15 ,First,#,NU_BD_Santiago_PRMS,EDUCACION,-1,-1;SALUD "SALUD" true true false 16 Double 6 15 ,First,#,NU_BD_Santiago_PRMS,SALUD,-1,-1;SERVICIOS "SERVICIOS" true true false 16 Double 6 15 ,First,#,NU_BD_Santiago_PRMS,SERVICIOS,-1,-1;OFICINA "OFICINA" true true false 16 Double 6 15 ,First,#,NU_BD_Santiago_PRMS,OFICINA,-1,-1" INTERSECT # #</Process></lineage></DataProperties><SyncDate>20150702</SyncDate><SyncTime>11574000</SyncTime><ModDate>20150702</ModDate><ModTime>11574000</ModTime></Esri><dataIdInfo><envirDesc Sync="TRUE">Microsoft Windows 7 Version 6.1 (Build 7601) Service Pack 1; Esri ArcGIS 10.3.0.4322</envirDesc><dataLang><languageCode value="spa" Sync="TRUE"></languageCode><countryCode value="CHL" Sync="TRUE"></countryCode></dataLang><idCitation><resTitle Sync="TRUE">RM_SII_CBR_indicadores</resTitle><presForm><PresFormCd value="005" Sync="TRUE"></PresFormCd></presForm></idCitation><spatRpType><SpatRepTypCd value="001" Sync="TRUE"></SpatRepTypCd></spatRpType></dataIdInfo><mdLang><languageCode value="spa" Sync="TRUE"></languageCode><countryCode value="CHL" Sync="TRUE"></countryCode></mdLang><mdChar><CharSetCd value="004" Sync="TRUE"></CharSetCd></mdChar><distInfo><distFormat><formatName Sync="TRUE">Shapefile</formatName></distFormat><distTranOps><transSize Sync="TRUE">0.000</transSize></distTranOps></distInfo><mdHrLv><ScopeCd value="005" Sync="TRUE"></ScopeCd></mdHrLv><mdHrLvName Sync="TRUE">dataset</mdHrLvName><refSysInfo><RefSystem><refSysID><identCode code="32719" Sync="TRUE"></identCode><idCodeSpace Sync="TRUE">EPSG</idCodeSpace><idVersion Sync="TRUE">8.2.6</idVersion></refSysID></RefSystem></refSysInfo><spatRepInfo><VectSpatRep><geometObjs Name="RM_SII_CBR_indicadores"><geoObjTyp><GeoObjTypCd value="004" Sync="TRUE"></GeoObjTypCd></geoObjTyp><geoObjCnt Sync="TRUE">0</geoObjCnt></geometObjs><topLvl><TopoLevCd value="001" Sync="TRUE"></TopoLevCd></topLvl></VectSpatRep></spatRepInfo><spdoinfo><ptvctinf><esriterm Name="RM_SII_CBR_indicadores"><efeatyp Sync="TRUE">Simple</efeatyp><efeageom code="1" Sync="TRUE"></efeageom><esritopo Sync="TRUE">FALSE</esritopo><efeacnt Sync="TRUE">0</efeacnt><spindex Sync="TRUE">FALSE</spindex><linrefer Sync="TRUE">TRUE</linrefer></esriterm></ptvctinf></spdoinfo><eainfo><detailed Name="RM_SII_CBR_indicadores"><enttyp><enttypl Sync="TRUE">RM_SII_CBR_indicadores</enttypl><enttypt Sync="TRUE">Feature Class</enttypt><enttypc Sync="TRUE">0</enttypc></enttyp><attr><attrlabl Sync="TRUE">FID</attrlabl><attalias Sync="TRUE">FID</attalias><attrtype Sync="TRUE">OID</attrtype><attwidth Sync="TRUE">4</attwidth><atprecis Sync="TRUE">0</atprecis><attscale Sync="TRUE">0</attscale><attrdef Sync="TRUE">Internal feature number.</attrdef><attrdefs Sync="TRUE">Esri</attrdefs><attrdomv><udom Sync="TRUE">Sequential unique whole numbers that are automatically generated.</udom></attrdomv></attr><attr><attrlabl Sync="TRUE">Shape</attrlabl><attalias Sync="TRUE">Shape</attalias><attrtype Sync="TRUE">Geometry</attrtype><attwidth Sync="TRUE">0</attwidth><atprecis Sync="TRUE">0</atprecis><attscale Sync="TRUE">0</attscale><attrdef Sync="TRUE">Feature geometry.</attrdef><attrdefs Sync="TRUE">Esri</attrdefs><attrdomv><udom Sync="TRUE">Coordinates defining the features.</udom></attrdomv></attr><attr><attrlabl Sync="TRUE">Join_Count</attrlabl><attalias Sync="TRUE">Join_Count</attalias><attrtype Sync="TRUE">Integer</attrtype><attwidth Sync="TRUE">10</attwidth><atprecis Sync="TRUE">10</atprecis><attscale Sync="TRUE">0</attscale></attr><attr><attrlabl Sync="TRUE">TARGET_FID</attrlabl><attalias Sync="TRUE">TARGET_FID</attalias><attrtype Sync="TRUE">Integer</attrtype><attwidth Sync="TRUE">10</attwidth><atprecis Sync="TRUE">10</atprecis><attscale Sync="TRUE">0</attscale></attr><attr><attrlabl Sync="TRUE">Status</attrlabl><attalias Sync="TRUE">Status</attalias><attrtype Sync="TRUE">String</attrtype><attwidth Sync="TRUE">1</attwidth><atprecis Sync="TRUE">0</atprecis><attscale Sync="TRUE">0</attscale></attr><attr><attrlabl Sync="TRUE">Score</attrlabl><attalias Sync="TRUE">Score</attalias><attrtype Sync="TRUE">Double</attrtype><attwidth Sync="TRUE">19</attwidth><atprecis Sync="TRUE">18</atprecis><attscale Sync="TRUE">2</attscale></attr><attr><attrlabl Sync="TRUE">Match_type</attrlabl><attalias Sync="TRUE">Match_type</attalias><attrtype Sync="TRUE">String</attrtype><attwidth Sync="TRUE">2</attwidth><atprecis Sync="TRUE">0</atprecis><attscale Sync="TRUE">0</attscale></attr><attr><attrlabl Sync="TRUE">Match_addr</attrlabl><attalias Sync="TRUE">Match_addr</attalias><attrtype Sync="TRUE">String</attrtype><attwidth Sync="TRUE">10</attwidth><atprecis Sync="TRUE">0</atprecis><attscale Sync="TRUE">0</attscale></attr><attr><attrlabl Sync="TRUE">ZIP</attrlabl><attalias Sync="TRUE">ZIP</attalias><attrtype Sync="TRUE">String</attrtype><attwidth Sync="TRUE">5</attwidth><atprecis Sync="TRUE">0</atprecis><attscale Sync="TRUE">0</attscale></attr><attr><attrlabl Sync="TRUE">Ref_ID</attrlabl><attalias Sync="TRUE">Ref_ID</attalias><attrtype Sync="TRUE">Integer</attrtype><attwidth Sync="TRUE">10</attwidth><atprecis Sync="TRUE">10</atprecis><attscale Sync="TRUE">0</attscale></attr><attr><attrlabl Sync="TRUE">User_fld</attrlabl><attalias Sync="TRUE">User_fld</attalias><attrtype Sync="TRUE">String</attrtype><attwidth Sync="TRUE">120</attwidth><atprecis Sync="TRUE">0</atprecis><attscale Sync="TRUE">0</attscale></attr><attr><attrlabl Sync="TRUE">Addr_type</attrlabl><attalias Sync="TRUE">Addr_type</attalias><attrtype Sync="TRUE">String</attrtype><attwidth Sync="TRUE">20</attwidth><atprecis Sync="TRUE">0</atprecis><attscale Sync="TRUE">0</attscale></attr><attr><attrlabl Sync="TRUE">ARC_ZIPCod</attrlabl><attalias Sync="TRUE">ARC_ZIPCod</attalias><attrtype Sync="TRUE">String</attrtype><attwidth Sync="TRUE">100</attwidth><atprecis Sync="TRUE">0</atprecis><attscale Sync="TRUE">0</attscale></attr><attr><attrlabl Sync="TRUE">codigounic</attrlabl><attalias Sync="TRUE">codigounic</attalias><attrtype Sync="TRUE">String</attrtype><attwidth Sync="TRUE">254</attwidth><atprecis Sync="TRUE">0</atprecis><attscale Sync="TRUE">0</attscale></attr><attr><attrlabl Sync="TRUE">COMUNA_SII</attrlabl><attalias Sync="TRUE">COMUNA_SII</attalias><attrtype Sync="TRUE">Double</attrtype><attwidth Sync="TRUE">16</attwidth><atprecis Sync="TRUE">15</atprecis><attscale Sync="TRUE">6</attscale></attr><attr><attrlabl Sync="TRUE">MANZ</attrlabl><attalias Sync="TRUE">MANZ</attalias><attrtype Sync="TRUE">Double</attrtype><attwidth Sync="TRUE">16</attwidth><atprecis Sync="TRUE">15</atprecis><attscale Sync="TRUE">6</attscale></attr><attr><attrlabl Sync="TRUE">PREDIO</attrlabl><attalias Sync="TRUE">PREDIO</attalias><attrtype Sync="TRUE">Double</attrtype><attwidth Sync="TRUE">16</attwidth><atprecis Sync="TRUE">15</atprecis><attscale Sync="TRUE">6</attscale></attr><attr><attrlabl Sync="TRUE">DIRECCION</attrlabl><attalias Sync="TRUE">DIRECCION</attalias><attrtype Sync="TRUE">String</attrtype><attwidth Sync="TRUE">254</attwidth><atprecis Sync="TRUE">0</atprecis><attscale Sync="TRUE">0</attscale></attr><attr><attrlabl Sync="TRUE">AVALUO</attrlabl><attalias Sync="TRUE">AVALUO</attalias><attrtype Sync="TRUE">Double</attrtype><attwidth Sync="TRUE">16</attwidth><atprecis Sync="TRUE">15</atprecis><attscale Sync="TRUE">6</attscale></attr><attr><attrlabl Sync="TRUE">CONTRIBUCI</attrlabl><attalias Sync="TRUE">CONTRIBUCI</attalias><attrtype Sync="TRUE">Double</attrtype><attwidth Sync="TRUE">16</attwidth><atprecis Sync="TRUE">15</atprecis><attscale Sync="TRUE">6</attscale></attr><attr><attrlabl Sync="TRUE">DESTINO</attrlabl><attalias Sync="TRUE">DESTINO</attalias><attrtype Sync="TRUE">String</attrtype><attwidth Sync="TRUE">254</attwidth><atprecis Sync="TRUE">0</atprecis><attscale Sync="TRUE">0</attscale></attr><attr><attrlabl Sync="TRUE">AVALUO_EX</attrlabl><attalias Sync="TRUE">AVALUO_EX</attalias><attrtype Sync="TRUE">Double</attrtype><attwidth Sync="TRUE">16</attwidth><atprecis Sync="TRUE">15</atprecis><attscale Sync="TRUE">6</attscale></attr><attr><attrlabl Sync="TRUE">SUP_TERR</attrlabl><attalias Sync="TRUE">SUP_TERR</attalias><attrtype Sync="TRUE">Double</attrtype><attwidth Sync="TRUE">16</attwidth><atprecis Sync="TRUE">15</atprecis><attscale Sync="TRUE">6</attscale></attr><attr><attrlabl Sync="TRUE">ANO_CONSTR</attrlabl><attalias Sync="TRUE">ANO_CONSTR</attalias><attrtype Sync="TRUE">Double</attrtype><attwidth Sync="TRUE">16</attwidth><atprecis Sync="TRUE">15</atprecis><attscale Sync="TRUE">6</attscale></attr><attr><attrlabl Sync="TRUE">SUP_CONSTR</attrlabl><attalias Sync="TRUE">SUP_CONSTR</attalias><attrtype Sync="TRUE">Double</attrtype><attwidth Sync="TRUE">16</attwidth><atprecis Sync="TRUE">15</atprecis><attscale Sync="TRUE">6</attscale></attr><attr><attrlabl Sync="TRUE">COD_SII_TE</attrlabl><attalias Sync="TRUE">COD_SII_TE</attalias><attrtype Sync="TRUE">Double</attrtype><attwidth Sync="TRUE">16</attwidth><atprecis Sync="TRUE">15</atprecis><attscale Sync="TRUE">6</attscale></attr><attr><attrlabl Sync="TRUE">CONSERVADO</attrlabl><attalias Sync="TRUE">CONSERVADO</attalias><attrtype Sync="TRUE">String</attrtype><attwidth Sync="TRUE">254</attwidth><atprecis Sync="TRUE">0</atprecis><attscale Sync="TRUE">0</attscale></attr><attr><attrlabl Sync="TRUE">MES</attrlabl><attalias Sync="TRUE">MES</attalias><attrtype Sync="TRUE">String</attrtype><attwidth Sync="TRUE">254</attwidth><atprecis Sync="TRUE">0</atprecis><attscale Sync="TRUE">0</attscale></attr><attr><attrlabl Sync="TRUE">ANO</attrlabl><attalias Sync="TRUE">ANO</attalias><attrtype Sync="TRUE">Double</attrtype><attwidth Sync="TRUE">16</attwidth><atprecis Sync="TRUE">15</atprecis><attscale Sync="TRUE">6</attscale></attr><attr><attrlabl Sync="TRUE">TOMO</attrlabl><attalias Sync="TRUE">TOMO</attalias><attrtype Sync="TRUE">Double</attrtype><attwidth Sync="TRUE">16</attwidth><atprecis Sync="TRUE">15</atprecis><attscale Sync="TRUE">6</attscale></attr><attr><attrlabl Sync="TRUE">FOJA</attrlabl><attalias Sync="TRUE">FOJA</attalias><attrtype Sync="TRUE">Double</attrtype><attwidth Sync="TRUE">16</attwidth><atprecis Sync="TRUE">15</atprecis><attscale Sync="TRUE">6</attscale></attr><attr><attrlabl Sync="TRUE">NUMERO</attrlabl><attalias Sync="TRUE">NUMERO</attalias><attrtype Sync="TRUE">Double</attrtype><attwidth Sync="TRUE">16</attwidth><atprecis Sync="TRUE">15</atprecis><attscale Sync="TRUE">6</attscale></attr><attr><attrlabl Sync="TRUE">FECHA</attrlabl><attalias Sync="TRUE">FECHA</attalias><attrtype Sync="TRUE">Date</attrtype><attwidth Sync="TRUE">8</attwidth><atprecis Sync="TRUE">0</atprecis><attscale Sync="TRUE">0</attscale></attr><attr><attrlabl Sync="TRUE">ID_CBR</attrlabl><attalias Sync="TRUE">ID_CBR</attalias><attrtype Sync="TRUE">String</attrtype><attwidth Sync="TRUE">254</attwidth><atprecis Sync="TRUE">0</atprecis><attscale Sync="TRUE">0</attscale></attr><attr><attrlabl Sync="TRUE">UF_TRANS</attrlabl><attalias Sync="TRUE">UF_TRANS</attalias><attrtype Sync="TRUE">Double</attrtype><attwidth Sync="TRUE">16</attwidth><atprecis Sync="TRUE">15</atprecis><attscale Sync="TRUE">6</attscale></attr><attr><attrlabl Sync="TRUE">ROL</attrlabl><attalias Sync="TRUE">ROL</attalias><attrtype Sync="TRUE">String</attrtype><attwidth Sync="TRUE">254</attwidth><atprecis Sync="TRUE">0</atprecis><attscale Sync="TRUE">0</attscale></attr><attr><attrlabl Sync="TRUE">NOM_CALLE</attrlabl><attalias Sync="TRUE">NOM_CALLE</attalias><attrtype Sync="TRUE">String</attrtype><attwidth Sync="TRUE">254</attwidth><atprecis Sync="TRUE">0</atprecis><attscale Sync="TRUE">0</attscale></attr><attr><attrlabl Sync="TRUE">NUM_CALLE</attrlabl><attalias Sync="TRUE">NUM_CALLE</attalias><attrtype Sync="TRUE">Double</attrtype><attwidth Sync="TRUE">16</attwidth><atprecis Sync="TRUE">15</atprecis><attscale Sync="TRUE">6</attscale></attr><attr><attrlabl Sync="TRUE">COMUNA</attrlabl><attalias Sync="TRUE">COMUNA</attalias><attrtype Sync="TRUE">String</attrtype><attwidth Sync="TRUE">254</attwidth><atprecis Sync="TRUE">0</atprecis><attscale Sync="TRUE">0</attscale></attr><attr><attrlabl Sync="TRUE">COMUNA_S_1</attrlabl><attalias Sync="TRUE">COMUNA_S_1</attalias><attrtype Sync="TRUE">Double</attrtype><attwidth Sync="TRUE">16</attwidth><atprecis Sync="TRUE">15</atprecis><attscale Sync="TRUE">6</attscale></attr><attr><attrlabl Sync="TRUE">DPTO_CASA</attrlabl><attalias Sync="TRUE">DPTO_CASA</attalias><attrtype Sync="TRUE">Double</attrtype><attwidth Sync="TRUE">16</attwidth><atprecis Sync="TRUE">15</atprecis><attscale Sync="TRUE">6</attscale></attr><attr><attrlabl Sync="TRUE">ESTACIONAM</attrlabl><attalias Sync="TRUE">ESTACIONAM</attalias><attrtype Sync="TRUE">Double</attrtype><attwidth Sync="TRUE">16</attwidth><atprecis Sync="TRUE">15</atprecis><attscale Sync="TRUE">6</attscale></attr><attr><attrlabl Sync="TRUE">BODEGA</attrlabl><attalias Sync="TRUE">BODEGA</attalias><attrtype Sync="TRUE">Double</attrtype><attwidth Sync="TRUE">16</attwidth><atprecis Sync="TRUE">15</atprecis><attscale Sync="TRUE">6</attscale></attr><attr><attrlabl Sync="TRUE">CANTIDAD__</attrlabl><attalias Sync="TRUE">CANTIDAD__</attalias><attrtype Sync="TRUE">String</attrtype><attwidth Sync="TRUE">254</attwidth><atprecis Sync="TRUE">0</atprecis><attscale Sync="TRUE">0</attscale></attr><attr><attrlabl Sync="TRUE">CANTIDAD_1</attrlabl><attalias Sync="TRUE">CANTIDAD_1</attalias><attrtype Sync="TRUE">String</attrtype><attwidth Sync="TRUE">254</attwidth><atprecis Sync="TRUE">0</atprecis><attscale Sync="TRUE">0</attscale></attr><attr><attrlabl Sync="TRUE">CODINE11</attrlabl><attalias Sync="TRUE">CODINE11</attalias><attrtype Sync="TRUE">String</attrtype><attwidth Sync="TRUE">16</attwidth><atprecis Sync="TRUE">0</atprecis><attscale Sync="TRUE">0</attscale></attr><attr><attrlabl Sync="TRUE">COMUNA_1</attrlabl><attalias Sync="TRUE">COMUNA_1</attalias><attrtype Sync="TRUE">String</attrtype><attwidth Sync="TRUE">30</attwidth><atprecis Sync="TRUE">0</atprecis><attscale Sync="TRUE">0</attscale></attr><attr><attrlabl Sync="TRUE">SC_NOM_TPR</attrlabl><attalias Sync="TRUE">SC_NOM_TPR</attalias><attrtype Sync="TRUE">String</attrtype><attwidth Sync="TRUE">50</attwidth><atprecis Sync="TRUE">0</atprecis><attscale Sync="TRUE">0</attscale></attr><attr><attrlabl Sync="TRUE">SC_TPRIV</attrlabl><attalias Sync="TRUE">SC_TPRIV</attalias><attrtype Sync="TRUE">Double</attrtype><attwidth Sync="TRUE">19</attwidth><atprecis Sync="TRUE">0</atprecis><attscale Sync="TRUE">0</attscale></attr><attr><attrlabl Sync="TRUE">TPR_CBD</attrlabl><attalias Sync="TRUE">TPR_CBD</attalias><attrtype Sync="TRUE">Double</attrtype><attwidth Sync="TRUE">19</attwidth><atprecis Sync="TRUE">0</atprecis><attscale Sync="TRUE">0</attscale></attr><attr><attrlabl Sync="TRUE">TPR_ElGolf</attrlabl><attalias Sync="TRUE">TPR_ElGolf</attalias><attrtype Sync="TRUE">Double</attrtype><attwidth Sync="TRUE">19</attwidth><atprecis Sync="TRUE">0</atprecis><attscale Sync="TRUE">0</attscale></attr><attr><attrlabl Sync="TRUE">TPR_NvaLCo</attrlabl><attalias Sync="TRUE">TPR_NvaLCo</attalias><attrtype Sync="TRUE">Double</attrtype><attwidth Sync="TRUE">19</attwidth><atprecis Sync="TRUE">0</atprecis><attscale Sync="TRUE">0</attscale></attr><attr><attrlabl Sync="TRUE">TPR_Provi</attrlabl><attalias Sync="TRUE">TPR_Provi</attalias><attrtype Sync="TRUE">Double</attrtype><attwidth Sync="TRUE">19</attwidth><atprecis Sync="TRUE">0</atprecis><attscale Sync="TRUE">0</attscale></attr><attr><attrlabl Sync="TRUE">Casas_UFPr</attrlabl><attalias Sync="TRUE">Casas_UFPr</attalias><attrtype Sync="TRUE">Double</attrtype><attwidth Sync="TRUE">19</attwidth><atprecis Sync="TRUE">0</atprecis><attscale Sync="TRUE">0</attscale></attr><attr><attrlabl Sync="TRUE">Depto_UFPr</attrlabl><attalias Sync="TRUE">Depto_UFPr</attalias><attrtype Sync="TRUE">Double</attrtype><attwidth Sync="TRUE">19</attwidth><atprecis Sync="TRUE">0</atprecis><attscale Sync="TRUE">0</attscale></attr><attr><attrlabl Sync="TRUE">IMORANCASA</attrlabl><attalias Sync="TRUE">IMORANCASA</attalias><attrtype Sync="TRUE">Double</attrtype><attwidth Sync="TRUE">19</attwidth><atprecis Sync="TRUE">0</atprecis><attscale Sync="TRUE">0</attscale></attr><attr><attrlabl Sync="TRUE">IMORANDPTO</attrlabl><attalias Sync="TRUE">IMORANDPTO</attalias><attrtype Sync="TRUE">Double</attrtype><attwidth Sync="TRUE">19</attwidth><atprecis Sync="TRUE">0</atprecis><attscale Sync="TRUE">0</attscale></attr><attr><attrlabl Sync="TRUE">ZonaMA_NEG</attrlabl><attalias Sync="TRUE">ZonaMA_NEG</attalias><attrtype Sync="TRUE">SmallInteger</attrtype><attwidth Sync="TRUE">4</attwidth><atprecis Sync="TRUE">4</atprecis><attscale Sync="TRUE">0</attscale></attr><attr><attrlabl Sync="TRUE">ZonaMA_POS</attrlabl><attalias Sync="TRUE">ZonaMA_POS</attalias><attrtype Sync="TRUE">SmallInteger</attrtype><attwidth Sync="TRUE">4</attwidth><atprecis Sync="TRUE">4</atprecis><attscale Sync="TRUE">0</attscale></attr><attr><attrlabl Sync="TRUE">Z_UFM2_CAS</attrlabl><attalias Sync="TRUE">Z_UFM2_CAS</attalias><attrtype Sync="TRUE">SmallInteger</attrtype><attwidth Sync="TRUE">4</attwidth><atprecis Sync="TRUE">4</atprecis><attscale Sync="TRUE">0</attscale></attr><attr><attrlabl Sync="TRUE">Z_UFM2_DEP</attrlabl><attalias Sync="TRUE">Z_UFM2_DEP</attalias><attrtype Sync="TRUE">SmallInteger</attrtype><attwidth Sync="TRUE">4</attwidth><atprecis Sync="TRUE">4</atprecis><attscale Sync="TRUE">0</attscale></attr><attr><attrlabl Sync="TRUE">ABC1_12</attrlabl><attalias Sync="TRUE">ABC1_12</attalias><attrtype Sync="TRUE">Double</attrtype><attwidth Sync="TRUE">19</attwidth><atprecis Sync="TRUE">0</atprecis><attscale Sync="TRUE">0</attscale></attr><attr><attrlabl Sync="TRUE">C2_12</attrlabl><attalias Sync="TRUE">C2_12</attalias><attrtype Sync="TRUE">Double</attrtype><attwidth Sync="TRUE">19</attwidth><atprecis Sync="TRUE">0</atprecis><attscale Sync="TRUE">0</attscale></attr><attr><attrlabl Sync="TRUE">C3_12</attrlabl><attalias Sync="TRUE">C3_12</attalias><attrtype Sync="TRUE">Double</attrtype><attwidth Sync="TRUE">19</attwidth><atprecis Sync="TRUE">0</atprecis><attscale Sync="TRUE">0</attscale></attr><attr><attrlabl Sync="TRUE">D_12</attrlabl><attalias Sync="TRUE">D_12</attalias><attrtype Sync="TRUE">Double</attrtype><attwidth Sync="TRUE">19</attwidth><atprecis Sync="TRUE">0</atprecis><attscale Sync="TRUE">0</attscale></attr><attr><attrlabl Sync="TRUE">E_12</attrlabl><attalias Sync="TRUE">E_12</attalias><attrtype Sync="TRUE">Double</attrtype><attwidth Sync="TRUE">19</attwidth><atprecis Sync="TRUE">0</atprecis><attscale Sync="TRUE">0</attscale></attr><attr><attrlabl Sync="TRUE">NGSE_12</attrlabl><attalias Sync="TRUE">NGSE_12</attalias><attrtype Sync="TRUE">Double</attrtype><attwidth Sync="TRUE">19</attwidth><atprecis Sync="TRUE">0</atprecis><attscale Sync="TRUE">0</attscale></attr><attr><attrlabl Sync="TRUE">ABC1_12P</attrlabl><attalias Sync="TRUE">ABC1_12P</attalias><attrtype Sync="TRUE">Double</attrtype><attwidth Sync="TRUE">19</attwidth><atprecis Sync="TRUE">0</atprecis><attscale Sync="TRUE">0</attscale></attr><attr><attrlabl Sync="TRUE">C2_12P</attrlabl><attalias Sync="TRUE">C2_12P</attalias><attrtype Sync="TRUE">Double</attrtype><attwidth Sync="TRUE">19</attwidth><atprecis Sync="TRUE">0</atprecis><attscale Sync="TRUE">0</attscale></attr><attr><attrlabl Sync="TRUE">C3_12P</attrlabl><attalias Sync="TRUE">C3_12P</attalias><attrtype Sync="TRUE">Double</attrtype><attwidth Sync="TRUE">19</attwidth><atprecis Sync="TRUE">0</atprecis><attscale Sync="TRUE">0</attscale></attr><attr><attrlabl Sync="TRUE">D_12P</attrlabl><attalias Sync="TRUE">D_12P</attalias><attrtype Sync="TRUE">Double</attrtype><attwidth Sync="TRUE">19</attwidth><atprecis Sync="TRUE">0</atprecis><attscale Sync="TRUE">0</attscale></attr><attr><attrlabl Sync="TRUE">E_12P</attrlabl><attalias Sync="TRUE">E_12P</attalias><attrtype Sync="TRUE">Double</attrtype><attwidth Sync="TRUE">19</attwidth><atprecis Sync="TRUE">0</atprecis><attscale Sync="TRUE">0</attscale></attr><attr><attrlabl Sync="TRUE">GSE12PRED</attrlabl><attalias Sync="TRUE">GSE12PRED</attalias><attrtype Sync="TRUE">String</attrtype><attwidth Sync="TRUE">254</attwidth><atprecis Sync="TRUE">0</atprecis><attscale Sync="TRUE">0</attscale></attr><attr><attrlabl Sync="TRUE">GSE12_NUM</attrlabl><attalias Sync="TRUE">GSE12_NUM</attalias><attrtype Sync="TRUE">SmallInteger</attrtype><attwidth Sync="TRUE">5</attwidth><atprecis Sync="TRUE">5</atprecis><attscale Sync="TRUE">0</attscale></attr><attr><attrlabl Sync="TRUE">POB_FLOT</attrlabl><attalias Sync="TRUE">POB_FLOT</attalias><attrtype Sync="TRUE">Double</attrtype><attwidth Sync="TRUE">19</attwidth><atprecis Sync="TRUE">0</atprecis><attscale Sync="TRUE">0</attscale></attr><attr><attrlabl Sync="TRUE">Amp_tst</attrlabl><attalias Sync="TRUE">Amp_tst</attalias><attrtype Sync="TRUE">Double</attrtype><attwidth Sync="TRUE">19</attwidth><atprecis Sync="TRUE">0</atprecis><attscale Sync="TRUE">0</attscale></attr><attr><attrlabl Sync="TRUE">Pro_predio</attrlabl><attalias Sync="TRUE">Pro_predio</attalias><attrtype Sync="TRUE">Double</attrtype><attwidth Sync="TRUE">19</attwidth><atprecis Sync="TRUE">0</atprecis><attscale Sync="TRUE">0</attscale></attr><attr><attrlabl Sync="TRUE">Por_veg_pr</attrlabl><attalias Sync="TRUE">Por_veg_pr</attalias><attrtype Sync="TRUE">Double</attrtype><attwidth Sync="TRUE">19</attwidth><atprecis Sync="TRUE">0</atprecis><attscale Sync="TRUE">0</attscale></attr><attr><attrlabl Sync="TRUE">HA_MZ</attrlabl><attalias Sync="TRUE">HA_MZ</attalias><attrtype Sync="TRUE">Double</attrtype><attwidth Sync="TRUE">19</attwidth><atprecis Sync="TRUE">0</atprecis><attscale Sync="TRUE">0</attscale></attr><attr><attrlabl Sync="TRUE">DEN_MZ</attrlabl><attalias Sync="TRUE">DEN_MZ</attalias><attrtype Sync="TRUE">Double</attrtype><attwidth Sync="TRUE">19</attwidth><atprecis Sync="TRUE">0</atprecis><attscale Sync="TRUE">0</attscale></attr><attr><attrlabl Sync="TRUE">SC_15MIN</attrlabl><attalias Sync="TRUE">SC_15MIN</attalias><attrtype Sync="TRUE">SmallInteger</attrtype><attwidth Sync="TRUE">4</attwidth><atprecis Sync="TRUE">4</atprecis><attscale Sync="TRUE">0</attscale></attr><attr><attrlabl Sync="TRUE">Ten_Metro</attrlabl><attalias Sync="TRUE">Ten_Metro</attalias><attrtype Sync="TRUE">SmallInteger</attrtype><attwidth Sync="TRUE">4</attwidth><atprecis Sync="TRUE">4</atprecis><attscale Sync="TRUE">0</attscale></attr><attr><attrlabl Sync="TRUE">Ten_MetroC</attrlabl><attalias Sync="TRUE">Ten_MetroC</attalias><attrtype Sync="TRUE">SmallInteger</attrtype><attwidth Sync="TRUE">4</attwidth><atprecis Sync="TRUE">4</atprecis><attscale Sync="TRUE">0</attscale></attr><attr><attrlabl Sync="TRUE">COLE_5MIN</attrlabl><attalias Sync="TRUE">COLE_5MIN</attalias><attrtype Sync="TRUE">SmallInteger</attrtype><attwidth Sync="TRUE">4</attwidth><atprecis Sync="TRUE">4</atprecis><attscale Sync="TRUE">0</attscale></attr><attr><attrlabl Sync="TRUE">COLE_10MIN</attrlabl><attalias Sync="TRUE">COLE_10MIN</attalias><attrtype Sync="TRUE">SmallInteger</attrtype><attwidth Sync="TRUE">4</attwidth><atprecis Sync="TRUE">4</atprecis><attscale Sync="TRUE">0</attscale></attr><attr><attrlabl Sync="TRUE">COLE_15MIN</attrlabl><attalias Sync="TRUE">COLE_15MIN</attalias><attrtype Sync="TRUE">SmallInteger</attrtype><attwidth Sync="TRUE">4</attwidth><atprecis Sync="TRUE">4</atprecis><attscale Sync="TRUE">0</attscale></attr><attr><attrlabl Sync="TRUE">COLE_LEJOS</attrlabl><attalias Sync="TRUE">COLE_LEJOS</attalias><attrtype Sync="TRUE">SmallInteger</attrtype><attwidth Sync="TRUE">4</attwidth><atprecis Sync="TRUE">4</atprecis><attscale Sync="TRUE">0</attscale></attr><attr><attrlabl Sync="TRUE">JARDIN_5M</attrlabl><attalias Sync="TRUE">JARDIN_5M</attalias><attrtype Sync="TRUE">SmallInteger</attrtype><attwidth Sync="TRUE">4</attwidth><atprecis Sync="TRUE">4</atprecis><attscale Sync="TRUE">0</attscale></attr><attr><attrlabl Sync="TRUE">JARDIN_10M</attrlabl><attalias Sync="TRUE">JARDIN_10M</attalias><attrtype Sync="TRUE">SmallInteger</attrtype><attwidth Sync="TRUE">4</attwidth><atprecis Sync="TRUE">4</atprecis><attscale Sync="TRUE">0</attscale></attr><attr><attrlabl Sync="TRUE">JARDIN_15M</attrlabl><attalias Sync="TRUE">JARDIN_15M</attalias><attrtype Sync="TRUE">SmallInteger</attrtype><attwidth Sync="TRUE">4</attwidth><atprecis Sync="TRUE">4</atprecis><attscale Sync="TRUE">0</attscale></attr><attr><attrlabl Sync="TRUE">AV_15_MIN</attrlabl><attalias Sync="TRUE">AV_15_MIN</attalias><attrtype Sync="TRUE">SmallInteger</attrtype><attwidth Sync="TRUE">4</attwidth><atprecis Sync="TRUE">4</atprecis><attscale Sync="TRUE">0</attscale></attr><attr><attrlabl Sync="TRUE">COMUNA_12</attrlabl><attalias Sync="TRUE">COMUNA_12</attalias><attrtype Sync="TRUE">String</attrtype><attwidth Sync="TRUE">30</attwidth><atprecis Sync="TRUE">0</atprecis><attscale Sync="TRUE">0</attscale></attr><attr><attrlabl Sync="TRUE">COM_PR_CIT</attrlabl><attalias Sync="TRUE">COM_PR_CIT</attalias><attrtype Sync="TRUE">Double</attrtype><attwidth Sync="TRUE">16</attwidth><atprecis Sync="TRUE">15</atprecis><attscale Sync="TRUE">6</attscale></attr><attr><attrlabl Sync="TRUE">COM_CIT</attrlabl><attalias Sync="TRUE">COM_CIT</attalias><attrtype Sync="TRUE">Double</attrtype><attwidth Sync="TRUE">16</attwidth><atprecis Sync="TRUE">15</atprecis><attscale Sync="TRUE">6</attscale></attr><attr><attrlabl Sync="TRUE">COM_CAS</attrlabl><attalias Sync="TRUE">COM_CAS</attalias><attrtype Sync="TRUE">Double</attrtype><attwidth Sync="TRUE">16</attwidth><atprecis Sync="TRUE">15</atprecis><attscale Sync="TRUE">6</attscale></attr><attr><attrlabl Sync="TRUE">COM_DPT</attrlabl><attalias Sync="TRUE">COM_DPT</attalias><attrtype Sync="TRUE">Double</attrtype><attwidth Sync="TRUE">16</attwidth><atprecis Sync="TRUE">15</atprecis><attscale Sync="TRUE">6</attscale></attr><attr><attrlabl Sync="TRUE">AV_FRENTE</attrlabl><attalias Sync="TRUE">AV_FRENTE</attalias><attrtype Sync="TRUE">SmallInteger</attrtype><attwidth Sync="TRUE">4</attwidth><atprecis Sync="TRUE">4</atprecis><attscale Sync="TRUE">0</attscale></attr><attr><attrlabl Sync="TRUE">COMERCIO</attrlabl><attalias Sync="TRUE">COMERCIO</attalias><attrtype Sync="TRUE">Double</attrtype><attwidth Sync="TRUE">16</attwidth><atprecis Sync="TRUE">15</atprecis><attscale Sync="TRUE">6</attscale></attr><attr><attrlabl Sync="TRUE">EDUCACION</attrlabl><attalias Sync="TRUE">EDUCACION</attalias><attrtype Sync="TRUE">Double</attrtype><attwidth Sync="TRUE">16</attwidth><atprecis Sync="TRUE">15</atprecis><attscale Sync="TRUE">6</attscale></attr><attr><attrlabl Sync="TRUE">SALUD</attrlabl><attalias Sync="TRUE">SALUD</attalias><attrtype Sync="TRUE">Double</attrtype><attwidth Sync="TRUE">16</attwidth><atprecis Sync="TRUE">15</atprecis><attscale Sync="TRUE">6</attscale></attr><attr><attrlabl Sync="TRUE">SERVICIOS</attrlabl><attalias Sync="TRUE">SERVICIOS</attalias><attrtype Sync="TRUE">Double</attrtype><attwidth Sync="TRUE">16</attwidth><atprecis Sync="TRUE">15</atprecis><attscale Sync="TRUE">6</attscale></attr><attr><attrlabl Sync="TRUE">OFICINA</attrlabl><attalias Sync="TRUE">OFICINA</attalias><attrtype Sync="TRUE">Double</attrtype><attwidth Sync="TRUE">16</attwidth><atprecis Sync="TRUE">15</atprecis><attscale Sync="TRUE">6</attscale></attr></detailed></eainfo><mdDateSt Sync="TRUE">20150702</mdDateSt></metadata>
